,period,reporterCode,flowCode,partnerCode,partner2Code,cmdCode,cifvalue,fobvalue,primaryValue
0,2022,792,X,0,0,0101,0.0,292771.0,292771.0
1,2022,792,X,0,0,0102,0.0,12301608.0,12301608.0
2,2022,792,X,0,0,0104,0.0,64117465.0,64117465.0
3,2022,792,X,0,0,0105,0.0,48447676.0,48447676.0
4,2022,792,X,0,0,0106,0.0,3853591.0,3853591.0
5,2022,792,X,0,0,0201,0.0,517033.0,517033.0
6,2022,792,X,0,0,0202,0.0,15427107.0,15427107.0
7,2022,792,X,0,0,0203,0.0,3260361.0,3260361.0
8,2022,792,X,0,0,0204,0.0,32247161.0,32247161.0
9,2022,792,X,0,0,0206,0.0,5268054.0,5268054.0
10,2022,792,X,0,0,0207,0.0,1089126591.0,1089126591.0
11,2022,792,X,0,0,0208,0.0,2440647.0,2440647.0
12,2022,792,X,0,0,0209,0.0,47805.0,47805.0
13,2022,792,X,0,0,0210,0.0,667059.0,667059.0
14,2022,792,X,0,0,0301,0.0,6139832.0,6139832.0
15,2022,792,X,0,0,0302,0.0,642620559.0,642620559.0
16,2022,792,X,0,0,0303,0.0,389682651.0,389682651.0
17,2022,792,X,0,0,0304,0.0,414962872.0,414962872.0
18,2022,792,X,0,0,0305,0.0,40700193.0,40700193.0
19,2022,792,X,0,0,0306,0.0,17685719.0,17685719.0
20,2022,792,X,0,0,0307,0.0,17115024.0,17115024.0
21,2022,792,X,0,0,0308,0.0,20084000.0,20084000.0
22,2022,792,X,0,0,0401,0.0,19904479.0,19904479.0
23,2022,792,X,0,0,0402,0.0,172600026.0,172600026.0
24,2022,792,X,0,0,0403,0.0,10337033.0,10337033.0
25,2022,792,X,0,0,0404,0.0,56409457.0,56409457.0
26,2022,792,X,0,0,0405,0.0,72997130.0,72997130.0
27,2022,792,X,0,0,0406,0.0,202970112.0,202970112.0
28,2022,792,X,0,0,0407,0.0,395289108.0,395289108.0
29,2022,792,X,0,0,0408,0.0,698253.0,698253.0
30,2022,792,X,0,0,0409,0.0,46274665.0,46274665.0
31,2022,792,X,0,0,0410,0.0,389795.0,389795.0
32,2022,792,X,0,0,0501,0.0,72251.0,72251.0
33,2022,792,X,0,0,0502,0.0,34.0,34.0
34,2022,792,X,0,0,0504,0.0,86193300.0,86193300.0
35,2022,792,X,0,0,0505,0.0,1001400.0,1001400.0
36,2022,792,X,0,0,0506,0.0,121823.0,121823.0
37,2022,792,X,0,0,0507,0.0,143.0,143.0
38,2022,792,X,0,0,0508,0.0,3249885.0,3249885.0
39,2022,792,X,0,0,0510,0.0,216.0,216.0
40,2022,792,X,0,0,0511,0.0,12359293.0,12359293.0
41,2022,792,X,0,0,0601,0.0,1731612.0,1731612.0
42,2022,792,X,0,0,0602,0.0,73905092.0,73905092.0
43,2022,792,X,0,0,0603,0.0,49499674.0,49499674.0
44,2022,792,X,0,0,0604,0.0,13113959.0,13113959.0
45,2022,792,X,0,0,0701,0.0,21695898.0,21695898.0
46,2022,792,X,0,0,0702,0.0,373595425.0,373595425.0
47,2022,792,X,0,0,0703,0.0,34729198.0,34729198.0
48,2022,792,X,0,0,0704,0.0,9918545.0,9918545.0
49,2022,792,X,0,0,0705,0.0,2637459.0,2637459.0
50,2022,792,X,0,0,0706,0.0,21354581.0,21354581.0
51,2022,792,X,0,0,0707,0.0,71392713.0,71392713.0
52,2022,792,X,0,0,0708,0.0,1896068.0,1896068.0
53,2022,792,X,0,0,0709,0.0,303816118.0,303816118.0
54,2022,792,X,0,0,0710,0.0,112190655.0,112190655.0
55,2022,792,X,0,0,0711,0.0,9055250.0,9055250.0
56,2022,792,X,0,0,0712,0.0,72211658.0,72211658.0
57,2022,792,X,0,0,0713,0.0,1076849682.0,1076849682.0
58,2022,792,X,0,0,0714,0.0,330346.0,330346.0
59,2022,792,X,0,0,0801,0.0,28694376.0,28694376.0
60,2022,792,X,0,0,0802,0.0,1535399931.0,1535399931.0
61,2022,792,X,0,0,0803,0.0,2520887.0,2520887.0
62,2022,792,X,0,0,0804,0.0,347115481.0,347115481.0
63,2022,792,X,0,0,0805,0.0,900575475.0,900575475.0
64,2022,792,X,0,0,0806,0.0,654787928.0,654787928.0
65,2022,792,X,0,0,0807,0.0,51838008.0,51838008.0
66,2022,792,X,0,0,0808,0.0,228774109.0,228774109.0
67,2022,792,X,0,0,0809,0.0,440701118.0,440701118.0
68,2022,792,X,0,0,0810,0.0,162600692.0,162600692.0
69,2022,792,X,0,0,0811,0.0,123335557.0,123335557.0
70,2022,792,X,0,0,0812,0.0,7506089.0,7506089.0
71,2022,792,X,0,0,0813,0.0,457321864.0,457321864.0
72,2022,792,X,0,0,0814,0.0,2521399.0,2521399.0
73,2022,792,X,0,0,0901,0.0,65147040.0,65147040.0
74,2022,792,X,0,0,0902,0.0,24750931.0,24750931.0
75,2022,792,X,0,0,0903,0.0,3559.0,3559.0
76,2022,792,X,0,0,0904,0.0,22725300.0,22725300.0
77,2022,792,X,0,0,0905,0.0,1069900.0,1069900.0
78,2022,792,X,0,0,0906,0.0,2960709.0,2960709.0
79,2022,792,X,0,0,0907,0.0,938646.0,938646.0
80,2022,792,X,0,0,0908,0.0,3223272.0,3223272.0
81,2022,792,X,0,0,0909,0.0,38161562.0,38161562.0
82,2022,792,X,0,0,0910,0.0,126773722.0,126773722.0
83,2022,792,X,0,0,1001,0.0,174216640.0,174216640.0
84,2022,792,X,0,0,1002,0.0,876.0,876.0
85,2022,792,X,0,0,1003,0.0,88207406.0,88207406.0
86,2022,792,X,0,0,1004,0.0,324915.0,324915.0
87,2022,792,X,0,0,1005,0.0,257396108.0,257396108.0
88,2022,792,X,0,0,1006,0.0,154068049.0,154068049.0
89,2022,792,X,0,0,1007,0.0,4689711.0,4689711.0
90,2022,792,X,0,0,1008,0.0,9773590.0,9773590.0
91,2022,792,X,0,0,1101,0.0,1497902810.0,1497902810.0
92,2022,792,X,0,0,1102,0.0,8962349.0,8962349.0
93,2022,792,X,0,0,1103,0.0,122733867.0,122733867.0
94,2022,792,X,0,0,1104,0.0,116932848.0,116932848.0
95,2022,792,X,0,0,1105,0.0,172285.0,172285.0
96,2022,792,X,0,0,1106,0.0,33333871.0,33333871.0
97,2022,792,X,0,0,1107,0.0,344450.0,344450.0
98,2022,792,X,0,0,1108,0.0,103704035.0,103704035.0
99,2022,792,X,0,0,1109,0.0,17475069.0,17475069.0
100,2022,792,X,0,0,1201,0.0,86903951.0,86903951.0
101,2022,792,X,0,0,1202,0.0,26107775.0,26107775.0
102,2022,792,X,0,0,1204,0.0,29135729.0,29135729.0
103,2022,792,X,0,0,1205,0.0,4737408.0,4737408.0
104,2022,792,X,0,0,1206,0.0,228048408.0,228048408.0
105,2022,792,X,0,0,1207,0.0,196793613.0,196793613.0
106,2022,792,X,0,0,1208,0.0,1171788.0,1171788.0
107,2022,792,X,0,0,1209,0.0,52809611.0,52809611.0
108,2022,792,X,0,0,1210,0.0,1035819.0,1035819.0
109,2022,792,X,0,0,1211,0.0,32005460.0,32005460.0
110,2022,792,X,0,0,1212,0.0,41780550.0,41780550.0
111,2022,792,X,0,0,1213,0.0,491040.0,491040.0
112,2022,792,X,0,0,1214,0.0,401003.0,401003.0
113,2022,792,X,0,0,1301,0.0,1287294.0,1287294.0
114,2022,792,X,0,0,1302,0.0,46298183.0,46298183.0
115,2022,792,X,0,0,1401,0.0,2917027.0,2917027.0
116,2022,792,X,0,0,1404,0.0,35372364.0,35372364.0
117,2022,792,X,0,0,1501,0.0,7857.0,7857.0
118,2022,792,X,0,0,1502,0.0,3738270.0,3738270.0
119,2022,792,X,0,0,1503,0.0,8747.0,8747.0
120,2022,792,X,0,0,1504,0.0,39638264.0,39638264.0
121,2022,792,X,0,0,1505,0.0,172992.0,172992.0
122,2022,792,X,0,0,1506,0.0,392309.0,392309.0
123,2022,792,X,0,0,1507,0.0,452957141.0,452957141.0
124,2022,792,X,0,0,1508,0.0,135990.0,135990.0
125,2022,792,X,0,0,1509,0.0,338442371.0,338442371.0
126,2022,792,X,0,0,1510,0.0,27188642.0,27188642.0
127,2022,792,X,0,0,1511,0.0,290450872.0,290450872.0
128,2022,792,X,0,0,1512,0.0,1898969297.0,1898969297.0
129,2022,792,X,0,0,1513,0.0,21303244.0,21303244.0
130,2022,792,X,0,0,1514,0.0,26311885.0,26311885.0
131,2022,792,X,0,0,1515,0.0,147032303.0,147032303.0
132,2022,792,X,0,0,1516,0.0,22854324.0,22854324.0
133,2022,792,X,0,0,1517,0.0,245953832.0,245953832.0
134,2022,792,X,0,0,1518,0.0,15533193.0,15533193.0
135,2022,792,X,0,0,1520,0.0,6744906.0,6744906.0
136,2022,792,X,0,0,1521,0.0,693997.0,693997.0
137,2022,792,X,0,0,1522,0.0,594806.0,594806.0
138,2022,792,X,0,0,1601,0.0,42520346.0,42520346.0
139,2022,792,X,0,0,1602,0.0,115875891.0,115875891.0
140,2022,792,X,0,0,1603,0.0,206292.0,206292.0
141,2022,792,X,0,0,1604,0.0,76762919.0,76762919.0
142,2022,792,X,0,0,1605,0.0,33058239.0,33058239.0
143,2022,792,X,0,0,1701,0.0,28149898.0,28149898.0
144,2022,792,X,0,0,1702,0.0,246108543.0,246108543.0
145,2022,792,X,0,0,1703,0.0,237282.0,237282.0
146,2022,792,X,0,0,1704,0.0,795700634.0,795700634.0
147,2022,792,X,0,0,1801,0.0,1655578.0,1655578.0
148,2022,792,X,0,0,1802,0.0,1794.0,1794.0
149,2022,792,X,0,0,1803,0.0,8010950.0,8010950.0
150,2022,792,X,0,0,1804,0.0,26668181.0,26668181.0
151,2022,792,X,0,0,1805,0.0,64435905.0,64435905.0
152,2022,792,X,0,0,1806,0.0,841811441.0,841811441.0
153,2022,792,X,0,0,1901,0.0,40621942.0,40621942.0
154,2022,792,X,0,0,1902,0.0,964539399.0,964539399.0
155,2022,792,X,0,0,1903,0.0,5310.0,5310.0
156,2022,792,X,0,0,1904,0.0,223417853.0,223417853.0
157,2022,792,X,0,0,1905,0.0,1398952183.0,1398952183.0
158,2022,792,X,0,0,2001,0.0,356230558.0,356230558.0
159,2022,792,X,0,0,2002,0.0,521660126.0,521660126.0
160,2022,792,X,0,0,2003,0.0,864987.0,864987.0
161,2022,792,X,0,0,2004,0.0,132822390.0,132822390.0
162,2022,792,X,0,0,2005,0.0,298621329.0,298621329.0
163,2022,792,X,0,0,2006,0.0,1874235.0,1874235.0
164,2022,792,X,0,0,2007,0.0,279390774.0,279390774.0
165,2022,792,X,0,0,2008,0.0,933109072.0,933109072.0
166,2022,792,X,0,0,2009,0.0,555040722.0,555040722.0
167,2022,792,X,0,0,2101,0.0,64782971.0,64782971.0
168,2022,792,X,0,0,2102,0.0,243905693.0,243905693.0
169,2022,792,X,0,0,2103,0.0,87513291.0,87513291.0
170,2022,792,X,0,0,2104,0.0,39432235.0,39432235.0
171,2022,792,X,0,0,2105,0.0,75673846.0,75673846.0
172,2022,792,X,0,0,2106,0.0,529423129.0,529423129.0
173,2022,792,X,0,0,2201,0.0,69540265.0,69540265.0
174,2022,792,X,0,0,2202,0.0,338883473.0,338883473.0
175,2022,792,X,0,0,2203,0.0,60803732.0,60803732.0
176,2022,792,X,0,0,2204,0.0,13625920.0,13625920.0
177,2022,792,X,0,0,2205,0.0,3111.0,3111.0
178,2022,792,X,0,0,2206,0.0,220212.0,220212.0
179,2022,792,X,0,0,2207,0.0,11550128.0,11550128.0
180,2022,792,X,0,0,2208,0.0,47763688.0,47763688.0
181,2022,792,X,0,0,2209,0.0,5511325.0,5511325.0
182,2022,792,X,0,0,2301,0.0,8289026.0,8289026.0
183,2022,792,X,0,0,2302,0.0,57231866.0,57231866.0
184,2022,792,X,0,0,2303,0.0,18625139.0,18625139.0
185,2022,792,X,0,0,2304,0.0,537655098.0,537655098.0
186,2022,792,X,0,0,2305,0.0,6.0,6.0
187,2022,792,X,0,0,2306,0.0,35926277.0,35926277.0
188,2022,792,X,0,0,2307,0.0,1024.0,1024.0
189,2022,792,X,0,0,2308,0.0,1124784.0,1124784.0
190,2022,792,X,0,0,2309,0.0,492919367.0,492919367.0
191,2022,792,X,0,0,2401,0.0,261113270.0,261113270.0
192,2022,792,X,0,0,2402,0.0,414907847.0,414907847.0
193,2022,792,X,0,0,2403,0.0,165112512.0,165112512.0
194,2022,792,X,0,0,2404,0.0,16989.0,16989.0
195,2022,792,X,0,0,2501,0.0,64249520.0,64249520.0
196,2022,792,X,0,0,2502,0.0,6126709.0,6126709.0
197,2022,792,X,0,0,2503,0.0,112030776.0,112030776.0
198,2022,792,X,0,0,2504,0.0,1699899.0,1699899.0
199,2022,792,X,0,0,2505,0.0,7669759.0,7669759.0
200,2022,792,X,0,0,2506,0.0,77802744.0,77802744.0
201,2022,792,X,0,0,2507,0.0,35740165.0,35740165.0
202,2022,792,X,0,0,2508,0.0,160946072.0,160946072.0
203,2022,792,X,0,0,2509,0.0,600623.0,600623.0
204,2022,792,X,0,0,2510,0.0,2118976.0,2118976.0
205,2022,792,X,0,0,2511,0.0,53484622.0,53484622.0
206,2022,792,X,0,0,2512,0.0,328232.0,328232.0
207,2022,792,X,0,0,2513,0.0,36410726.0,36410726.0
208,2022,792,X,0,0,2514,0.0,170189.0,170189.0
209,2022,792,X,0,0,2515,0.0,645311522.0,645311522.0
210,2022,792,X,0,0,2516,0.0,27222513.0,27222513.0
211,2022,792,X,0,0,2517,0.0,27712008.0,27712008.0
212,2022,792,X,0,0,2518,0.0,1366774.0,1366774.0
213,2022,792,X,0,0,2519,0.0,111895608.0,111895608.0
214,2022,792,X,0,0,2520,0.0,113490837.0,113490837.0
215,2022,792,X,0,0,2521,0.0,532089.0,532089.0
216,2022,792,X,0,0,2522,0.0,12918799.0,12918799.0
217,2022,792,X,0,0,2523,0.0,1663041969.0,1663041969.0
218,2022,792,X,0,0,2525,0.0,355572.0,355572.0
219,2022,792,X,0,0,2526,0.0,4543423.0,4543423.0
220,2022,792,X,0,0,2528,0.0,254612555.0,254612555.0
221,2022,792,X,0,0,2529,0.0,325256972.0,325256972.0
222,2022,792,X,0,0,2530,0.0,70269778.0,70269778.0
223,2022,792,X,0,0,2601,0.0,269256994.0,269256994.0
224,2022,792,X,0,0,2602,0.0,6793928.0,6793928.0
225,2022,792,X,0,0,2603,0.0,523074194.0,523074194.0
226,2022,792,X,0,0,2604,0.0,11291689.0,11291689.0
227,2022,792,X,0,0,2605,0.0,46.0,46.0
228,2022,792,X,0,0,2606,0.0,66991179.0,66991179.0
229,2022,792,X,0,0,2607,0.0,216642782.0,216642782.0
230,2022,792,X,0,0,2608,0.0,547355741.0,547355741.0
231,2022,792,X,0,0,2609,0.0,17824.0,17824.0
232,2022,792,X,0,0,2610,0.0,340295437.0,340295437.0
233,2022,792,X,0,0,2613,0.0,7134965.0,7134965.0
234,2022,792,X,0,0,2614,0.0,3266006.0,3266006.0
235,2022,792,X,0,0,2615,0.0,5357333.0,5357333.0
236,2022,792,X,0,0,2616,0.0,170945680.0,170945680.0
237,2022,792,X,0,0,2617,0.0,17930022.0,17930022.0
238,2022,792,X,0,0,2618,0.0,17995466.0,17995466.0
239,2022,792,X,0,0,2619,0.0,22828109.0,22828109.0
240,2022,792,X,0,0,2620,0.0,16773387.0,16773387.0
241,2022,792,X,0,0,2621,0.0,1926322.0,1926322.0
242,2022,792,X,0,0,2701,0.0,280270840.0,280270840.0
243,2022,792,X,0,0,2702,0.0,774339.0,774339.0
244,2022,792,X,0,0,2703,0.0,1690521.0,1690521.0
245,2022,792,X,0,0,2704,0.0,44149773.0,44149773.0
246,2022,792,X,0,0,2705,0.0,8661.0,8661.0
247,2022,792,X,0,0,2706,0.0,81308299.0,81308299.0
248,2022,792,X,0,0,2707,0.0,1200101358.0,1200101358.0
249,2022,792,X,0,0,2708,0.0,4354.0,4354.0
250,2022,792,X,0,0,2710,0.0,13057027589.0,13057027589.0
251,2022,792,X,0,0,2711,0.0,397635335.0,397635335.0
252,2022,792,X,0,0,2712,0.0,35057322.0,35057322.0
253,2022,792,X,0,0,2713,0.0,646899488.0,646899488.0
254,2022,792,X,0,0,2714,0.0,766656.0,766656.0
255,2022,792,X,0,0,2715,0.0,2514749.0,2514749.0
256,2022,792,X,0,0,2716,0.0,293267090.0,293267090.0
257,2022,792,X,0,0,2801,0.0,3926167.0,3926167.0
258,2022,792,X,0,0,2802,0.0,218018.0,218018.0
259,2022,792,X,0,0,2803,0.0,35484420.0,35484420.0
260,2022,792,X,0,0,2804,0.0,28461917.0,28461917.0
261,2022,792,X,0,0,2805,0.0,1178269.0,1178269.0
262,2022,792,X,0,0,2806,0.0,2464407.0,2464407.0
263,2022,792,X,0,0,2807,0.0,34538627.0,34538627.0
264,2022,792,X,0,0,2808,0.0,1034122.0,1034122.0
265,2022,792,X,0,0,2809,0.0,31437098.0,31437098.0
266,2022,792,X,0,0,2810,0.0,6315521.0,6315521.0
267,2022,792,X,0,0,2811,0.0,63137353.0,63137353.0
268,2022,792,X,0,0,2812,0.0,247485.0,247485.0
269,2022,792,X,0,0,2813,0.0,19242.0,19242.0
270,2022,792,X,0,0,2814,0.0,106213960.0,106213960.0
271,2022,792,X,0,0,2815,0.0,33607889.0,33607889.0
272,2022,792,X,0,0,2816,0.0,61030.0,61030.0
273,2022,792,X,0,0,2817,0.0,96105059.0,96105059.0
274,2022,792,X,0,0,2818,0.0,9383414.0,9383414.0
275,2022,792,X,0,0,2819,0.0,113328.0,113328.0
276,2022,792,X,0,0,2820,0.0,791205.0,791205.0
277,2022,792,X,0,0,2821,0.0,3367289.0,3367289.0
278,2022,792,X,0,0,2822,0.0,347103.0,347103.0
279,2022,792,X,0,0,2823,0.0,150337.0,150337.0
280,2022,792,X,0,0,2824,0.0,325425.0,325425.0
281,2022,792,X,0,0,2825,0.0,9086410.0,9086410.0
282,2022,792,X,0,0,2826,0.0,552920.0,552920.0
283,2022,792,X,0,0,2827,0.0,9943999.0,9943999.0
284,2022,792,X,0,0,2828,0.0,6786282.0,6786282.0
285,2022,792,X,0,0,2829,0.0,246450.0,246450.0
286,2022,792,X,0,0,2830,0.0,1380165.0,1380165.0
287,2022,792,X,0,0,2831,0.0,4500464.0,4500464.0
288,2022,792,X,0,0,2832,0.0,33820220.0,33820220.0
289,2022,792,X,0,0,2833,0.0,145636273.0,145636273.0
290,2022,792,X,0,0,2834,0.0,18434324.0,18434324.0
291,2022,792,X,0,0,2835,0.0,127700256.0,127700256.0
292,2022,792,X,0,0,2836,0.0,1618190906.0,1618190906.0
293,2022,792,X,0,0,2837,0.0,264673.0,264673.0
294,2022,792,X,0,0,2839,0.0,2054463.0,2054463.0
295,2022,792,X,0,0,2840,0.0,49707806.0,49707806.0
296,2022,792,X,0,0,2841,0.0,2406113.0,2406113.0
297,2022,792,X,0,0,2842,0.0,11269996.0,11269996.0
298,2022,792,X,0,0,2843,0.0,36743221.0,36743221.0
299,2022,792,X,0,0,2844,0.0,17402077.0,17402077.0
300,2022,792,X,0,0,2845,0.0,69715.0,69715.0
301,2022,792,X,0,0,2846,0.0,765666.0,765666.0
302,2022,792,X,0,0,2847,0.0,43328709.0,43328709.0
303,2022,792,X,0,0,2849,0.0,715697.0,715697.0
304,2022,792,X,0,0,2850,0.0,36878.0,36878.0
305,2022,792,X,0,0,2852,0.0,13651.0,13651.0
306,2022,792,X,0,0,2853,0.0,634435.0,634435.0
307,2022,792,X,0,0,2901,0.0,47371597.0,47371597.0
308,2022,792,X,0,0,2902,0.0,59602054.0,59602054.0
309,2022,792,X,0,0,2903,0.0,14957327.0,14957327.0
310,2022,792,X,0,0,2904,0.0,1651164.0,1651164.0
311,2022,792,X,0,0,2905,0.0,55931534.0,55931534.0
312,2022,792,X,0,0,2906,0.0,813406.0,813406.0
313,2022,792,X,0,0,2907,0.0,2314896.0,2314896.0
314,2022,792,X,0,0,2908,0.0,3356.0,3356.0
315,2022,792,X,0,0,2909,0.0,48578834.0,48578834.0
316,2022,792,X,0,0,2910,0.0,323174.0,323174.0
317,2022,792,X,0,0,2911,0.0,18312.0,18312.0
318,2022,792,X,0,0,2912,0.0,4958919.0,4958919.0
319,2022,792,X,0,0,2913,0.0,21360.0,21360.0
320,2022,792,X,0,0,2914,0.0,17551308.0,17551308.0
321,2022,792,X,0,0,2915,0.0,169973744.0,169973744.0
322,2022,792,X,0,0,2916,0.0,50502472.0,50502472.0
323,2022,792,X,0,0,2917,0.0,228838635.0,228838635.0
324,2022,792,X,0,0,2918,0.0,40269700.0,40269700.0
325,2022,792,X,0,0,2919,0.0,1678720.0,1678720.0
326,2022,792,X,0,0,2920,0.0,4152494.0,4152494.0
327,2022,792,X,0,0,2921,0.0,18061401.0,18061401.0
328,2022,792,X,0,0,2922,0.0,12775516.0,12775516.0
329,2022,792,X,0,0,2923,0.0,4656763.0,4656763.0
330,2022,792,X,0,0,2924,0.0,32740578.0,32740578.0
331,2022,792,X,0,0,2925,0.0,4462538.0,4462538.0
332,2022,792,X,0,0,2926,0.0,1748425.0,1748425.0
333,2022,792,X,0,0,2927,0.0,921059.0,921059.0
334,2022,792,X,0,0,2928,0.0,1171365.0,1171365.0
335,2022,792,X,0,0,2929,0.0,37930445.0,37930445.0
336,2022,792,X,0,0,2930,0.0,11058656.0,11058656.0
337,2022,792,X,0,0,2931,0.0,12468162.0,12468162.0
338,2022,792,X,0,0,2932,0.0,954131.0,954131.0
339,2022,792,X,0,0,2933,0.0,23613761.0,23613761.0
340,2022,792,X,0,0,2934,0.0,3345234.0,3345234.0
341,2022,792,X,0,0,2935,0.0,270328.0,270328.0
342,2022,792,X,0,0,2936,0.0,21707813.0,21707813.0
343,2022,792,X,0,0,2937,0.0,335882.0,335882.0
344,2022,792,X,0,0,2938,0.0,1182542.0,1182542.0
345,2022,792,X,0,0,2939,0.0,7875692.0,7875692.0
346,2022,792,X,0,0,2940,0.0,2353625.0,2353625.0
347,2022,792,X,0,0,2941,0.0,9705719.0,9705719.0
348,2022,792,X,0,0,2942,0.0,1902423.0,1902423.0
349,2022,792,X,0,0,3001,0.0,1539470.0,1539470.0
350,2022,792,X,0,0,3002,0.0,556177433.0,556177433.0
351,2022,792,X,0,0,3003,0.0,16433339.0,16433339.0
352,2022,792,X,0,0,3004,0.0,1225515881.0,1225515881.0
353,2022,792,X,0,0,3005,0.0,41980496.0,41980496.0
354,2022,792,X,0,0,3006,0.0,57450095.0,57450095.0
355,2022,792,X,0,0,3101,0.0,10242546.0,10242546.0
356,2022,792,X,0,0,3102,0.0,526180191.0,526180191.0
357,2022,792,X,0,0,3103,0.0,9085500.0,9085500.0
358,2022,792,X,0,0,3104,0.0,22344111.0,22344111.0
359,2022,792,X,0,0,3105,0.0,414716959.0,414716959.0
360,2022,792,X,0,0,3201,0.0,4847759.0,4847759.0
361,2022,792,X,0,0,3202,0.0,11163552.0,11163552.0
362,2022,792,X,0,0,3203,0.0,12234654.0,12234654.0
363,2022,792,X,0,0,3204,0.0,186301279.0,186301279.0
364,2022,792,X,0,0,3205,0.0,685596.0,685596.0
365,2022,792,X,0,0,3206,0.0,100053447.0,100053447.0
366,2022,792,X,0,0,3207,0.0,159380529.0,159380529.0
367,2022,792,X,0,0,3208,0.0,255517661.0,255517661.0
368,2022,792,X,0,0,3209,0.0,90903395.0,90903395.0
369,2022,792,X,0,0,3210,0.0,26435853.0,26435853.0
370,2022,792,X,0,0,3211,0.0,18228871.0,18228871.0
371,2022,792,X,0,0,3212,0.0,10933294.0,10933294.0
372,2022,792,X,0,0,3213,0.0,3042608.0,3042608.0
373,2022,792,X,0,0,3214,0.0,404787180.0,404787180.0
374,2022,792,X,0,0,3215,0.0,117012424.0,117012424.0
375,2022,792,X,0,0,3301,0.0,44418764.0,44418764.0
376,2022,792,X,0,0,3302,0.0,249402168.0,249402168.0
377,2022,792,X,0,0,3303,0.0,137219323.0,137219323.0
378,2022,792,X,0,0,3304,0.0,264148591.0,264148591.0
379,2022,792,X,0,0,3305,0.0,300943252.0,300943252.0
380,2022,792,X,0,0,3306,0.0,16534375.0,16534375.0
381,2022,792,X,0,0,3307,0.0,332156078.0,332156078.0
382,2022,792,X,0,0,3401,0.0,511386834.0,511386834.0
383,2022,792,X,0,0,3402,0.0,615475943.0,615475943.0
384,2022,792,X,0,0,3403,0.0,70831304.0,70831304.0
385,2022,792,X,0,0,3404,0.0,16505870.0,16505870.0
386,2022,792,X,0,0,3405,0.0,58048705.0,58048705.0
387,2022,792,X,0,0,3406,0.0,9146091.0,9146091.0
388,2022,792,X,0,0,3407,0.0,14916001.0,14916001.0
389,2022,792,X,0,0,3501,0.0,1205820.0,1205820.0
390,2022,792,X,0,0,3502,0.0,455495.0,455495.0
391,2022,792,X,0,0,3503,0.0,117033877.0,117033877.0
392,2022,792,X,0,0,3504,0.0,30317479.0,30317479.0
393,2022,792,X,0,0,3505,0.0,49772632.0,49772632.0
394,2022,792,X,0,0,3506,0.0,245084414.0,245084414.0
395,2022,792,X,0,0,3507,0.0,51130404.0,51130404.0
396,2022,792,X,0,0,3601,0.0,1013924.0,1013924.0
397,2022,792,X,0,0,3602,0.0,15246069.0,15246069.0
398,2022,792,X,0,0,3603,0.0,18001919.0,18001919.0
399,2022,792,X,0,0,3604,0.0,1185119.0,1185119.0
400,2022,792,X,0,0,3605,0.0,1951360.0,1951360.0
401,2022,792,X,0,0,3606,0.0,19217323.0,19217323.0
402,2022,792,X,0,0,3701,0.0,12947112.0,12947112.0
403,2022,792,X,0,0,3702,0.0,2246704.0,2246704.0
404,2022,792,X,0,0,3703,0.0,1251219.0,1251219.0
405,2022,792,X,0,0,3704,0.0,18294.0,18294.0
406,2022,792,X,0,0,3705,0.0,1192.0,1192.0
407,2022,792,X,0,0,3706,0.0,80228.0,80228.0
408,2022,792,X,0,0,3707,0.0,3505052.0,3505052.0
409,2022,792,X,0,0,3801,0.0,1978860.0,1978860.0
410,2022,792,X,0,0,3802,0.0,44382550.0,44382550.0
411,2022,792,X,0,0,3803,0.0,880124.0,880124.0
412,2022,792,X,0,0,3804,0.0,1791063.0,1791063.0
413,2022,792,X,0,0,3805,0.0,957420.0,957420.0
414,2022,792,X,0,0,3806,0.0,8664731.0,8664731.0
415,2022,792,X,0,0,3807,0.0,747535.0,747535.0
416,2022,792,X,0,0,3808,0.0,186074583.0,186074583.0
417,2022,792,X,0,0,3809,0.0,127229799.0,127229799.0
418,2022,792,X,0,0,3810,0.0,14287918.0,14287918.0
419,2022,792,X,0,0,3811,0.0,12648976.0,12648976.0
420,2022,792,X,0,0,3812,0.0,140834560.0,140834560.0
421,2022,792,X,0,0,3813,0.0,1512540.0,1512540.0
422,2022,792,X,0,0,3814,0.0,32680085.0,32680085.0
423,2022,792,X,0,0,3815,0.0,30991465.0,30991465.0
424,2022,792,X,0,0,3816,0.0,91478468.0,91478468.0
425,2022,792,X,0,0,3817,0.0,3597295.0,3597295.0
426,2022,792,X,0,0,3818,0.0,492791.0,492791.0
427,2022,792,X,0,0,3819,0.0,8993499.0,8993499.0
428,2022,792,X,0,0,3820,0.0,12288793.0,12288793.0
429,2022,792,X,0,0,3821,0.0,8255484.0,8255484.0
430,2022,792,X,0,0,3822,0.0,179020302.0,179020302.0
431,2022,792,X,0,0,3823,0.0,93838284.0,93838284.0
432,2022,792,X,0,0,3824,0.0,361800408.0,361800408.0
433,2022,792,X,0,0,3825,0.0,45610.0,45610.0
434,2022,792,X,0,0,3826,0.0,16587015.0,16587015.0
435,2022,792,X,0,0,3827,0.0,29139524.0,29139524.0
436,2022,792,X,0,0,3901,0.0,353605989.0,353605989.0
437,2022,792,X,0,0,3902,0.0,163177391.0,163177391.0
438,2022,792,X,0,0,3903,0.0,399132755.0,399132755.0
439,2022,792,X,0,0,3904,0.0,145861013.0,145861013.0
440,2022,792,X,0,0,3905,0.0,81623259.0,81623259.0
441,2022,792,X,0,0,3906,0.0,510322265.0,510322265.0
442,2022,792,X,0,0,3907,0.0,1371000510.0,1371000510.0
443,2022,792,X,0,0,3908,0.0,159286474.0,159286474.0
444,2022,792,X,0,0,3909,0.0,330607602.0,330607602.0
445,2022,792,X,0,0,3910,0.0,45331020.0,45331020.0
446,2022,792,X,0,0,3911,0.0,16096488.0,16096488.0
447,2022,792,X,0,0,3912,0.0,133744443.0,133744443.0
448,2022,792,X,0,0,3913,0.0,4087265.0,4087265.0
449,2022,792,X,0,0,3914,0.0,2486540.0,2486540.0
450,2022,792,X,0,0,3915,0.0,19924252.0,19924252.0
451,2022,792,X,0,0,3916,0.0,461679467.0,461679467.0
452,2022,792,X,0,0,3917,0.0,808933845.0,808933845.0
453,2022,792,X,0,0,3918,0.0,99615959.0,99615959.0
454,2022,792,X,0,0,3919,0.0,168795699.0,168795699.0
455,2022,792,X,0,0,3920,0.0,2075665845.0,2075665845.0
456,2022,792,X,0,0,3921,0.0,716836537.0,716836537.0
457,2022,792,X,0,0,3922,0.0,183315416.0,183315416.0
458,2022,792,X,0,0,3923,0.0,1386776310.0,1386776310.0
459,2022,792,X,0,0,3924,0.0,664122013.0,664122013.0
460,2022,792,X,0,0,3925,0.0,438751483.0,438751483.0
461,2022,792,X,0,0,3926,0.0,606252822.0,606252822.0
462,2022,792,X,0,0,4001,0.0,3323128.0,3323128.0
463,2022,792,X,0,0,4002,0.0,160383430.0,160383430.0
464,2022,792,X,0,0,4003,0.0,333614.0,333614.0
465,2022,792,X,0,0,4004,0.0,1531265.0,1531265.0
466,2022,792,X,0,0,4005,0.0,102534179.0,102534179.0
467,2022,792,X,0,0,4006,0.0,6294594.0,6294594.0
468,2022,792,X,0,0,4007,0.0,4904930.0,4904930.0
469,2022,792,X,0,0,4008,0.0,74521081.0,74521081.0
470,2022,792,X,0,0,4009,0.0,594870180.0,594870180.0
471,2022,792,X,0,0,4010,0.0,98426739.0,98426739.0
472,2022,792,X,0,0,4011,0.0,1848985351.0,1848985351.0
473,2022,792,X,0,0,4012,0.0,7756192.0,7756192.0
474,2022,792,X,0,0,4013,0.0,3024314.0,3024314.0
475,2022,792,X,0,0,4014,0.0,1022282.0,1022282.0
476,2022,792,X,0,0,4015,0.0,28851687.0,28851687.0
477,2022,792,X,0,0,4016,0.0,763063105.0,763063105.0
478,2022,792,X,0,0,4017,0.0,8260386.0,8260386.0
479,2022,792,X,0,0,4101,0.0,1250055.0,1250055.0
480,2022,792,X,0,0,4102,0.0,9505077.0,9505077.0
481,2022,792,X,0,0,4103,0.0,52686.0,52686.0
482,2022,792,X,0,0,4104,0.0,54754740.0,54754740.0
483,2022,792,X,0,0,4105,0.0,10655540.0,10655540.0
484,2022,792,X,0,0,4106,0.0,2374781.0,2374781.0
485,2022,792,X,0,0,4107,0.0,96000911.0,96000911.0
486,2022,792,X,0,0,4112,0.0,77477594.0,77477594.0
487,2022,792,X,0,0,4113,0.0,1559354.0,1559354.0
488,2022,792,X,0,0,4114,0.0,3649144.0,3649144.0
489,2022,792,X,0,0,4115,0.0,2830809.0,2830809.0
490,2022,792,X,0,0,4201,0.0,4334186.0,4334186.0
491,2022,792,X,0,0,4202,0.0,324395736.0,324395736.0
492,2022,792,X,0,0,4203,0.0,164360027.0,164360027.0
493,2022,792,X,0,0,4205,0.0,20218247.0,20218247.0
494,2022,792,X,0,0,4206,0.0,129.0,129.0
495,2022,792,X,0,0,4301,0.0,4076327.0,4076327.0
496,2022,792,X,0,0,4302,0.0,52100714.0,52100714.0
497,2022,792,X,0,0,4303,0.0,106611792.0,106611792.0
498,2022,792,X,0,0,4304,0.0,310127.0,310127.0
499,2022,792,X,0,0,4401,0.0,36442353.0,36442353.0
500,2022,792,X,0,0,4402,0.0,14637866.0,14637866.0
501,2022,792,X,0,0,4403,0.0,7419222.0,7419222.0
502,2022,792,X,0,0,4404,0.0,254437.0,254437.0
503,2022,792,X,0,0,4405,0.0,32866.0,32866.0
504,2022,792,X,0,0,4406,0.0,123168.0,123168.0
505,2022,792,X,0,0,4407,0.0,74001370.0,74001370.0
506,2022,792,X,0,0,4408,0.0,60614165.0,60614165.0
507,2022,792,X,0,0,4409,0.0,24546491.0,24546491.0
508,2022,792,X,0,0,4410,0.0,288513630.0,288513630.0
509,2022,792,X,0,0,4411,0.0,834354629.0,834354629.0
510,2022,792,X,0,0,4412,0.0,96625952.0,96625952.0
511,2022,792,X,0,0,4413,0.0,4156741.0,4156741.0
512,2022,792,X,0,0,4414,0.0,3086467.0,3086467.0
513,2022,792,X,0,0,4415,0.0,45741888.0,45741888.0
514,2022,792,X,0,0,4416,0.0,377301.0,377301.0
515,2022,792,X,0,0,4417,0.0,5933518.0,5933518.0
516,2022,792,X,0,0,4418,0.0,264612457.0,264612457.0
517,2022,792,X,0,0,4419,0.0,15835913.0,15835913.0
518,2022,792,X,0,0,4420,0.0,7957801.0,7957801.0
519,2022,792,X,0,0,4421,0.0,34224786.0,34224786.0
520,2022,792,X,0,0,4501,0.0,12790.0,12790.0
521,2022,792,X,0,0,4502,0.0,3801.0,3801.0
522,2022,792,X,0,0,4503,0.0,381276.0,381276.0
523,2022,792,X,0,0,4504,0.0,5137729.0,5137729.0
524,2022,792,X,0,0,4601,0.0,1282919.0,1282919.0
525,2022,792,X,0,0,4602,0.0,2409523.0,2409523.0
526,2022,792,X,0,0,4701,0.0,246424.0,246424.0
527,2022,792,X,0,0,4702,0.0,2086297.0,2086297.0
528,2022,792,X,0,0,4703,0.0,124337039.0,124337039.0
529,2022,792,X,0,0,4704,0.0,247017.0,247017.0
530,2022,792,X,0,0,4705,0.0,1051.0,1051.0
531,2022,792,X,0,0,4706,0.0,402578.0,402578.0
532,2022,792,X,0,0,4707,0.0,41640026.0,41640026.0
533,2022,792,X,0,0,4801,0.0,3641780.0,3641780.0
534,2022,792,X,0,0,4802,0.0,34449760.0,34449760.0
535,2022,792,X,0,0,4803,0.0,564121664.0,564121664.0
536,2022,792,X,0,0,4804,0.0,32809944.0,32809944.0
537,2022,792,X,0,0,4805,0.0,238568797.0,238568797.0
538,2022,792,X,0,0,4806,0.0,6756228.0,6756228.0
539,2022,792,X,0,0,4807,0.0,13871028.0,13871028.0
540,2022,792,X,0,0,4808,0.0,6429412.0,6429412.0
541,2022,792,X,0,0,4809,0.0,2958559.0,2958559.0
542,2022,792,X,0,0,4810,0.0,91708523.0,91708523.0
543,2022,792,X,0,0,4811,0.0,327381730.0,327381730.0
544,2022,792,X,0,0,4812,0.0,1267775.0,1267775.0
545,2022,792,X,0,0,4813,0.0,23293406.0,23293406.0
546,2022,792,X,0,0,4814,0.0,24666805.0,24666805.0
547,2022,792,X,0,0,4816,0.0,4956917.0,4956917.0
548,2022,792,X,0,0,4817,0.0,19475978.0,19475978.0
549,2022,792,X,0,0,4818,0.0,183033785.0,183033785.0
550,2022,792,X,0,0,4819,0.0,908864239.0,908864239.0
551,2022,792,X,0,0,4820,0.0,60839424.0,60839424.0
552,2022,792,X,0,0,4821,0.0,79822873.0,79822873.0
553,2022,792,X,0,0,4822,0.0,13295402.0,13295402.0
554,2022,792,X,0,0,4823,0.0,201181945.0,201181945.0
555,2022,792,X,0,0,4901,0.0,120995241.0,120995241.0
556,2022,792,X,0,0,4902,0.0,642255.0,642255.0
557,2022,792,X,0,0,4903,0.0,1144197.0,1144197.0
558,2022,792,X,0,0,4904,0.0,112356.0,112356.0
559,2022,792,X,0,0,4905,0.0,330838.0,330838.0
560,2022,792,X,0,0,4906,0.0,260278.0,260278.0
561,2022,792,X,0,0,4907,0.0,7585.0,7585.0
562,2022,792,X,0,0,4908,0.0,7539318.0,7539318.0
563,2022,792,X,0,0,4909,0.0,3880746.0,3880746.0
564,2022,792,X,0,0,4910,0.0,6233483.0,6233483.0
565,2022,792,X,0,0,4911,0.0,78630754.0,78630754.0
566,2022,792,X,0,0,5001,0.0,212745.0,212745.0
567,2022,792,X,0,0,5002,0.0,547.0,547.0
568,2022,792,X,0,0,5003,0.0,78848.0,78848.0
569,2022,792,X,0,0,5004,0.0,92249.0,92249.0
570,2022,792,X,0,0,5005,0.0,9714.0,9714.0
571,2022,792,X,0,0,5006,0.0,183297.0,183297.0
572,2022,792,X,0,0,5007,0.0,1099682.0,1099682.0
573,2022,792,X,0,0,5101,0.0,16670204.0,16670204.0
574,2022,792,X,0,0,5102,0.0,392611.0,392611.0
575,2022,792,X,0,0,5103,0.0,16025.0,16025.0
576,2022,792,X,0,0,5104,0.0,150.0,150.0
577,2022,792,X,0,0,5105,0.0,2765578.0,2765578.0
578,2022,792,X,0,0,5106,0.0,12004496.0,12004496.0
579,2022,792,X,0,0,5107,0.0,4297173.0,4297173.0
580,2022,792,X,0,0,5108,0.0,28309.0,28309.0
581,2022,792,X,0,0,5109,0.0,25800829.0,25800829.0
582,2022,792,X,0,0,5110,0.0,518256.0,518256.0
583,2022,792,X,0,0,5111,0.0,1640831.0,1640831.0
584,2022,792,X,0,0,5112,0.0,22420855.0,22420855.0
585,2022,792,X,0,0,5113,0.0,2124834.0,2124834.0
586,2022,792,X,0,0,5201,0.0,394718938.0,394718938.0
587,2022,792,X,0,0,5202,0.0,74515358.0,74515358.0
588,2022,792,X,0,0,5203,0.0,4373614.0,4373614.0
589,2022,792,X,0,0,5204,0.0,3215427.0,3215427.0
590,2022,792,X,0,0,5205,0.0,670118087.0,670118087.0
591,2022,792,X,0,0,5206,0.0,114659404.0,114659404.0
592,2022,792,X,0,0,5207,0.0,32014668.0,32014668.0
593,2022,792,X,0,0,5208,0.0,276005205.0,276005205.0
594,2022,792,X,0,0,5209,0.0,453777159.0,453777159.0
595,2022,792,X,0,0,5210,0.0,82172884.0,82172884.0
596,2022,792,X,0,0,5211,0.0,148664444.0,148664444.0
597,2022,792,X,0,0,5212,0.0,9755165.0,9755165.0
598,2022,792,X,0,0,5301,0.0,79535.0,79535.0
599,2022,792,X,0,0,5302,0.0,24796.0,24796.0
600,2022,792,X,0,0,5303,0.0,53702.0,53702.0
601,2022,792,X,0,0,5305,0.0,39733.0,39733.0
602,2022,792,X,0,0,5306,0.0,349056.0,349056.0
603,2022,792,X,0,0,5307,0.0,12135079.0,12135079.0
604,2022,792,X,0,0,5308,0.0,1446376.0,1446376.0
605,2022,792,X,0,0,5309,0.0,50918063.0,50918063.0
606,2022,792,X,0,0,5310,0.0,118359.0,118359.0
607,2022,792,X,0,0,5311,0.0,549108.0,549108.0
608,2022,792,X,0,0,5401,0.0,31971197.0,31971197.0
609,2022,792,X,0,0,5402,0.0,850159167.0,850159167.0
610,2022,792,X,0,0,5403,0.0,2001569.0,2001569.0
611,2022,792,X,0,0,5404,0.0,29918796.0,29918796.0
612,2022,792,X,0,0,5405,0.0,317.0,317.0
613,2022,792,X,0,0,5406,0.0,6740691.0,6740691.0
614,2022,792,X,0,0,5407,0.0,884984599.0,884984599.0
615,2022,792,X,0,0,5408,0.0,77725132.0,77725132.0
616,2022,792,X,0,0,5501,0.0,755273.0,755273.0
617,2022,792,X,0,0,5502,0.0,3710966.0,3710966.0
618,2022,792,X,0,0,5503,0.0,248062500.0,248062500.0
619,2022,792,X,0,0,5504,0.0,2994300.0,2994300.0
620,2022,792,X,0,0,5505,0.0,11299930.0,11299930.0
621,2022,792,X,0,0,5506,0.0,2698626.0,2698626.0
622,2022,792,X,0,0,5507,0.0,802879.0,802879.0
623,2022,792,X,0,0,5508,0.0,19108222.0,19108222.0
624,2022,792,X,0,0,5509,0.0,498105930.0,498105930.0
625,2022,792,X,0,0,5510,0.0,69615585.0,69615585.0
626,2022,792,X,0,0,5511,0.0,191153134.0,191153134.0
627,2022,792,X,0,0,5512,0.0,38772757.0,38772757.0
628,2022,792,X,0,0,5513,0.0,8786206.0,8786206.0
629,2022,792,X,0,0,5514,0.0,21043665.0,21043665.0
630,2022,792,X,0,0,5515,0.0,221792561.0,221792561.0
631,2022,792,X,0,0,5516,0.0,186463157.0,186463157.0
632,2022,792,X,0,0,5601,0.0,104815911.0,104815911.0
633,2022,792,X,0,0,5602,0.0,74602762.0,74602762.0
634,2022,792,X,0,0,5603,0.0,767070877.0,767070877.0
635,2022,792,X,0,0,5604,0.0,24585949.0,24585949.0
636,2022,792,X,0,0,5605,0.0,14476488.0,14476488.0
637,2022,792,X,0,0,5606,0.0,60059102.0,60059102.0
638,2022,792,X,0,0,5607,0.0,45978752.0,45978752.0
639,2022,792,X,0,0,5608,0.0,23668511.0,23668511.0
640,2022,792,X,0,0,5609,0.0,11577834.0,11577834.0
641,2022,792,X,0,0,5701,0.0,51228631.0,51228631.0
642,2022,792,X,0,0,5702,0.0,2286847104.0,2286847104.0
643,2022,792,X,0,0,5703,0.0,441831463.0,441831463.0
644,2022,792,X,0,0,5704,0.0,4940683.0,4940683.0
645,2022,792,X,0,0,5705,0.0,34669070.0,34669070.0
646,2022,792,X,0,0,5801,0.0,158962656.0,158962656.0
647,2022,792,X,0,0,5802,0.0,19251347.0,19251347.0
648,2022,792,X,0,0,5803,0.0,483699.0,483699.0
649,2022,792,X,0,0,5804,0.0,80070158.0,80070158.0
650,2022,792,X,0,0,5805,0.0,311919.0,311919.0
651,2022,792,X,0,0,5806,0.0,55205367.0,55205367.0
652,2022,792,X,0,0,5807,0.0,31271308.0,31271308.0
653,2022,792,X,0,0,5808,0.0,20875167.0,20875167.0
654,2022,792,X,0,0,5809,0.0,199930.0,199930.0
655,2022,792,X,0,0,5810,0.0,75245915.0,75245915.0
656,2022,792,X,0,0,5811,0.0,2119253.0,2119253.0
657,2022,792,X,0,0,5901,0.0,1193194.0,1193194.0
658,2022,792,X,0,0,5902,0.0,141534319.0,141534319.0
659,2022,792,X,0,0,5903,0.0,135795778.0,135795778.0
660,2022,792,X,0,0,5904,0.0,818676.0,818676.0
661,2022,792,X,0,0,5905,0.0,438982.0,438982.0
662,2022,792,X,0,0,5906,0.0,3203172.0,3203172.0
663,2022,792,X,0,0,5907,0.0,7354196.0,7354196.0
664,2022,792,X,0,0,5908,0.0,72038.0,72038.0
665,2022,792,X,0,0,5909,0.0,877848.0,877848.0
666,2022,792,X,0,0,5910,0.0,9111301.0,9111301.0
667,2022,792,X,0,0,5911,0.0,35085586.0,35085586.0
668,2022,792,X,0,0,6001,0.0,90196945.0,90196945.0
669,2022,792,X,0,0,6002,0.0,13817110.0,13817110.0
670,2022,792,X,0,0,6003,0.0,1355025.0,1355025.0
671,2022,792,X,0,0,6004,0.0,539844848.0,539844848.0
672,2022,792,X,0,0,6005,0.0,119207441.0,119207441.0
673,2022,792,X,0,0,6006,0.0,1287998539.0,1287998539.0
674,2022,792,X,0,0,6101,0.0,72331517.0,72331517.0
675,2022,792,X,0,0,6102,0.0,32081141.0,32081141.0
676,2022,792,X,0,0,6103,0.0,740744366.0,740744366.0
677,2022,792,X,0,0,6104,0.0,1403453363.0,1403453363.0
678,2022,792,X,0,0,6105,0.0,361065862.0,361065862.0
679,2022,792,X,0,0,6106,0.0,368520713.0,368520713.0
680,2022,792,X,0,0,6107,0.0,214724037.0,214724037.0
681,2022,792,X,0,0,6108,0.0,302416721.0,302416721.0
682,2022,792,X,0,0,6109,0.0,2759551600.0,2759551600.0
683,2022,792,X,0,0,6110,0.0,2661889198.0,2661889198.0
684,2022,792,X,0,0,6111,0.0,278318073.0,278318073.0
685,2022,792,X,0,0,6112,0.0,201418732.0,201418732.0
686,2022,792,X,0,0,6113,0.0,5654989.0,5654989.0
687,2022,792,X,0,0,6114,0.0,208094452.0,208094452.0
688,2022,792,X,0,0,6115,0.0,1335126461.0,1335126461.0
689,2022,792,X,0,0,6116,0.0,7404302.0,7404302.0
690,2022,792,X,0,0,6117,0.0,58676581.0,58676581.0
691,2022,792,X,0,0,6201,0.0,207960927.0,207960927.0
692,2022,792,X,0,0,6202,0.0,170229872.0,170229872.0
693,2022,792,X,0,0,6203,0.0,2028500438.0,2028500438.0
694,2022,792,X,0,0,6204,0.0,3781501205.0,3781501205.0
695,2022,792,X,0,0,6205,0.0,634957123.0,634957123.0
696,2022,792,X,0,0,6206,0.0,663078720.0,663078720.0
697,2022,792,X,0,0,6207,0.0,61505511.0,61505511.0
698,2022,792,X,0,0,6208,0.0,205464606.0,205464606.0
699,2022,792,X,0,0,6209,0.0,110680788.0,110680788.0
700,2022,792,X,0,0,6210,0.0,124797798.0,124797798.0
701,2022,792,X,0,0,6211,0.0,298829896.0,298829896.0
702,2022,792,X,0,0,6212,0.0,79362681.0,79362681.0
703,2022,792,X,0,0,6213,0.0,1471884.0,1471884.0
704,2022,792,X,0,0,6214,0.0,68285544.0,68285544.0
705,2022,792,X,0,0,6215,0.0,4791494.0,4791494.0
706,2022,792,X,0,0,6216,0.0,2321996.0,2321996.0
707,2022,792,X,0,0,6217,0.0,21157839.0,21157839.0
708,2022,792,X,0,0,6301,0.0,69544469.0,69544469.0
709,2022,792,X,0,0,6302,0.0,1353018661.0,1353018661.0
710,2022,792,X,0,0,6303,0.0,178313439.0,178313439.0
711,2022,792,X,0,0,6304,0.0,215155239.0,215155239.0
712,2022,792,X,0,0,6305,0.0,392183364.0,392183364.0
713,2022,792,X,0,0,6306,0.0,75206588.0,75206588.0
714,2022,792,X,0,0,6307,0.0,414388430.0,414388430.0
715,2022,792,X,0,0,6308,0.0,4001057.0,4001057.0
716,2022,792,X,0,0,6309,0.0,62163193.0,62163193.0
717,2022,792,X,0,0,6310,0.0,7641246.0,7641246.0
718,2022,792,X,0,0,6401,0.0,16997101.0,16997101.0
719,2022,792,X,0,0,6402,0.0,341009623.0,341009623.0
720,2022,792,X,0,0,6403,0.0,599609624.0,599609624.0
721,2022,792,X,0,0,6404,0.0,187945836.0,187945836.0
722,2022,792,X,0,0,6405,0.0,85081809.0,85081809.0
723,2022,792,X,0,0,6406,0.0,80097802.0,80097802.0
724,2022,792,X,0,0,6501,0.0,516326.0,516326.0
725,2022,792,X,0,0,6502,0.0,77143.0,77143.0
726,2022,792,X,0,0,6504,0.0,6177487.0,6177487.0
727,2022,792,X,0,0,6505,0.0,61594444.0,61594444.0
728,2022,792,X,0,0,6506,0.0,35476706.0,35476706.0
729,2022,792,X,0,0,6507,0.0,1055027.0,1055027.0
730,2022,792,X,0,0,6601,0.0,10755696.0,10755696.0
731,2022,792,X,0,0,6602,0.0,348684.0,348684.0
732,2022,792,X,0,0,6603,0.0,3950559.0,3950559.0
733,2022,792,X,0,0,6701,0.0,76627.0,76627.0
734,2022,792,X,0,0,6702,0.0,7106002.0,7106002.0
735,2022,792,X,0,0,6703,0.0,542039.0,542039.0
736,2022,792,X,0,0,6704,0.0,1708909.0,1708909.0
737,2022,792,X,0,0,6801,0.0,42241891.0,42241891.0
738,2022,792,X,0,0,6802,0.0,1384244926.0,1384244926.0
739,2022,792,X,0,0,6803,0.0,2112501.0,2112501.0
740,2022,792,X,0,0,6804,0.0,35582106.0,35582106.0
741,2022,792,X,0,0,6805,0.0,89392917.0,89392917.0
742,2022,792,X,0,0,6806,0.0,89347185.0,89347185.0
743,2022,792,X,0,0,6807,0.0,46562222.0,46562222.0
744,2022,792,X,0,0,6808,0.0,3709775.0,3709775.0
745,2022,792,X,0,0,6809,0.0,100024432.0,100024432.0
746,2022,792,X,0,0,6810,0.0,159387926.0,159387926.0
747,2022,792,X,0,0,6811,0.0,36712094.0,36712094.0
748,2022,792,X,0,0,6812,0.0,139716.0,139716.0
749,2022,792,X,0,0,6813,0.0,11886226.0,11886226.0
750,2022,792,X,0,0,6814,0.0,1796502.0,1796502.0
751,2022,792,X,0,0,6815,0.0,87054622.0,87054622.0
752,2022,792,X,0,0,6901,0.0,8875736.0,8875736.0
753,2022,792,X,0,0,6902,0.0,89370500.0,89370500.0
754,2022,792,X,0,0,6903,0.0,57102453.0,57102453.0
755,2022,792,X,0,0,6904,0.0,18050938.0,18050938.0
756,2022,792,X,0,0,6905,0.0,9838859.0,9838859.0
757,2022,792,X,0,0,6906,0.0,287237.0,287237.0
758,2022,792,X,0,0,6907,0.0,1061973012.0,1061973012.0
759,2022,792,X,0,0,6909,0.0,8373090.0,8373090.0
760,2022,792,X,0,0,6910,0.0,342232277.0,342232277.0
761,2022,792,X,0,0,6911,0.0,158580588.0,158580588.0
762,2022,792,X,0,0,6912,0.0,67609402.0,67609402.0
763,2022,792,X,0,0,6913,0.0,14099861.0,14099861.0
764,2022,792,X,0,0,6914,0.0,22176504.0,22176504.0
765,2022,792,X,0,0,7001,0.0,682367.0,682367.0
766,2022,792,X,0,0,7002,0.0,823310.0,823310.0
767,2022,792,X,0,0,7003,0.0,3562010.0,3562010.0
768,2022,792,X,0,0,7004,0.0,1475998.0,1475998.0
769,2022,792,X,0,0,7005,0.0,129926369.0,129926369.0
770,2022,792,X,0,0,7006,0.0,15314889.0,15314889.0
771,2022,792,X,0,0,7007,0.0,391115496.0,391115496.0
772,2022,792,X,0,0,7008,0.0,128265437.0,128265437.0
773,2022,792,X,0,0,7009,0.0,65958767.0,65958767.0
774,2022,792,X,0,0,7010,0.0,243649562.0,243649562.0
775,2022,792,X,0,0,7011,0.0,240289.0,240289.0
776,2022,792,X,0,0,7013,0.0,390021913.0,390021913.0
777,2022,792,X,0,0,7014,0.0,3014189.0,3014189.0
778,2022,792,X,0,0,7015,0.0,101136.0,101136.0
779,2022,792,X,0,0,7016,0.0,17728552.0,17728552.0
780,2022,792,X,0,0,7017,0.0,5435645.0,5435645.0
781,2022,792,X,0,0,7018,0.0,6560213.0,6560213.0
782,2022,792,X,0,0,7019,0.0,171555190.0,171555190.0
783,2022,792,X,0,0,7020,0.0,50781000.0,50781000.0
784,2022,792,X,0,0,7101,0.0,6748.0,6748.0
785,2022,792,X,0,0,7102,0.0,24989627.0,24989627.0
786,2022,792,X,0,0,7103,0.0,1507468.0,1507468.0
787,2022,792,X,0,0,7104,0.0,773646.0,773646.0
788,2022,792,X,0,0,7105,0.0,154597.0,154597.0
789,2022,792,X,0,0,7106,0.0,688644780.0,688644780.0
790,2022,792,X,0,0,7107,0.0,68571.0,68571.0
791,2022,792,X,0,0,7108,0.0,1051002454.0,1051002454.0
792,2022,792,X,0,0,7109,0.0,24487.0,24487.0
793,2022,792,X,0,0,7110,0.0,66312217.0,66312217.0
794,2022,792,X,0,0,7111,0.0,47827.0,47827.0
795,2022,792,X,0,0,7112,0.0,102843047.0,102843047.0
796,2022,792,X,0,0,7113,0.0,8169939423.0,8169939423.0
797,2022,792,X,0,0,7114,0.0,31345941.0,31345941.0
798,2022,792,X,0,0,7115,0.0,613848.0,613848.0
799,2022,792,X,0,0,7116,0.0,3246578.0,3246578.0
800,2022,792,X,0,0,7117,0.0,64675335.0,64675335.0
801,2022,792,X,0,0,7118,0.0,229484.0,229484.0
802,2022,792,X,0,0,7201,0.0,10520523.0,10520523.0
803,2022,792,X,0,0,7202,0.0,431680864.0,431680864.0
804,2022,792,X,0,0,7203,0.0,30288.0,30288.0
805,2022,792,X,0,0,7204,0.0,294602368.0,294602368.0
806,2022,792,X,0,0,7205,0.0,20217280.0,20217280.0
807,2022,792,X,0,0,7206,0.0,191108.0,191108.0
808,2022,792,X,0,0,7207,0.0,491566718.0,491566718.0
809,2022,792,X,0,0,7208,0.0,1747219617.0,1747219617.0
810,2022,792,X,0,0,7209,0.0,472537781.0,472537781.0
811,2022,792,X,0,0,7210,0.0,1826051448.0,1826051448.0
812,2022,792,X,0,0,7211,0.0,173087434.0,173087434.0
813,2022,792,X,0,0,7212,0.0,160087151.0,160087151.0
814,2022,792,X,0,0,7213,0.0,916066525.0,916066525.0
815,2022,792,X,0,0,7214,0.0,4209812419.0,4209812419.0
816,2022,792,X,0,0,7215,0.0,140843732.0,140843732.0
817,2022,792,X,0,0,7216,0.0,1617649268.0,1617649268.0
818,2022,792,X,0,0,7217,0.0,288117366.0,288117366.0
819,2022,792,X,0,0,7218,0.0,2948271.0,2948271.0
820,2022,792,X,0,0,7219,0.0,626050707.0,626050707.0
821,2022,792,X,0,0,7220,0.0,44686374.0,44686374.0
822,2022,792,X,0,0,7221,0.0,4151.0,4151.0
823,2022,792,X,0,0,7222,0.0,27320043.0,27320043.0
824,2022,792,X,0,0,7223,0.0,2923713.0,2923713.0
825,2022,792,X,0,0,7224,0.0,144293689.0,144293689.0
826,2022,792,X,0,0,7225,0.0,261693261.0,261693261.0
827,2022,792,X,0,0,7226,0.0,52727352.0,52727352.0
828,2022,792,X,0,0,7227,0.0,20458033.0,20458033.0
829,2022,792,X,0,0,7228,0.0,342355036.0,342355036.0
830,2022,792,X,0,0,7229,0.0,302636027.0,302636027.0
831,2022,792,X,0,0,7301,0.0,7766101.0,7766101.0
832,2022,792,X,0,0,7302,0.0,38967775.0,38967775.0
833,2022,792,X,0,0,7303,0.0,58557910.0,58557910.0
834,2022,792,X,0,0,7304,0.0,74629731.0,74629731.0
835,2022,792,X,0,0,7305,0.0,432874245.0,432874245.0
836,2022,792,X,0,0,7306,0.0,1922813256.0,1922813256.0
837,2022,792,X,0,0,7307,0.0,196006918.0,196006918.0
838,2022,792,X,0,0,7308,0.0,2455473009.0,2455473009.0
839,2022,792,X,0,0,7309,0.0,100316700.0,100316700.0
840,2022,792,X,0,0,7310,0.0,233633554.0,233633554.0
841,2022,792,X,0,0,7311,0.0,288369203.0,288369203.0
842,2022,792,X,0,0,7312,0.0,234539334.0,234539334.0
843,2022,792,X,0,0,7313,0.0,25114638.0,25114638.0
844,2022,792,X,0,0,7314,0.0,176259795.0,176259795.0
845,2022,792,X,0,0,7315,0.0,39413917.0,39413917.0
846,2022,792,X,0,0,7316,0.0,5065009.0,5065009.0
847,2022,792,X,0,0,7317,0.0,113026700.0,113026700.0
848,2022,792,X,0,0,7318,0.0,803915070.0,803915070.0
849,2022,792,X,0,0,7319,0.0,1203214.0,1203214.0
850,2022,792,X,0,0,7320,0.0,143227694.0,143227694.0
851,2022,792,X,0,0,7321,0.0,578499159.0,578499159.0
852,2022,792,X,0,0,7322,0.0,527701510.0,527701510.0
853,2022,792,X,0,0,7323,0.0,389753009.0,389753009.0
854,2022,792,X,0,0,7324,0.0,91785266.0,91785266.0
855,2022,792,X,0,0,7325,0.0,411584241.0,411584241.0
856,2022,792,X,0,0,7326,0.0,1185046169.0,1185046169.0
857,2022,792,X,0,0,7401,0.0,335052.0,335052.0
858,2022,792,X,0,0,7402,0.0,60258.0,60258.0
859,2022,792,X,0,0,7403,0.0,250731688.0,250731688.0
860,2022,792,X,0,0,7404,0.0,48201755.0,48201755.0
861,2022,792,X,0,0,7405,0.0,356434.0,356434.0
862,2022,792,X,0,0,7406,0.0,11612525.0,11612525.0
863,2022,792,X,0,0,7407,0.0,182017507.0,182017507.0
864,2022,792,X,0,0,7408,0.0,777284013.0,777284013.0
865,2022,792,X,0,0,7409,0.0,313597304.0,313597304.0
866,2022,792,X,0,0,7410,0.0,25428593.0,25428593.0
867,2022,792,X,0,0,7411,0.0,107141624.0,107141624.0
868,2022,792,X,0,0,7412,0.0,205083825.0,205083825.0
869,2022,792,X,0,0,7413,0.0,616339682.0,616339682.0
870,2022,792,X,0,0,7415,0.0,5241475.0,5241475.0
871,2022,792,X,0,0,7418,0.0,7559437.0,7559437.0
872,2022,792,X,0,0,7419,0.0,112306645.0,112306645.0
873,2022,792,X,0,0,7501,0.0,124624419.0,124624419.0
874,2022,792,X,0,0,7502,0.0,36937335.0,36937335.0
875,2022,792,X,0,0,7503,0.0,6464982.0,6464982.0
876,2022,792,X,0,0,7504,0.0,3936719.0,3936719.0
877,2022,792,X,0,0,7505,0.0,1076828.0,1076828.0
878,2022,792,X,0,0,7506,0.0,398804.0,398804.0
879,2022,792,X,0,0,7507,0.0,817532.0,817532.0
880,2022,792,X,0,0,7508,0.0,20351814.0,20351814.0
881,2022,792,X,0,0,7601,0.0,729176371.0,729176371.0
882,2022,792,X,0,0,7602,0.0,40199143.0,40199143.0
883,2022,792,X,0,0,7603,0.0,6964409.0,6964409.0
884,2022,792,X,0,0,7604,0.0,2383632032.0,2383632032.0
885,2022,792,X,0,0,7605,0.0,109614180.0,109614180.0
886,2022,792,X,0,0,7606,0.0,1255641517.0,1255641517.0
887,2022,792,X,0,0,7607,0.0,682393172.0,682393172.0
888,2022,792,X,0,0,7608,0.0,47747136.0,47747136.0
889,2022,792,X,0,0,7609,0.0,25921328.0,25921328.0
890,2022,792,X,0,0,7610,0.0,545106251.0,545106251.0
891,2022,792,X,0,0,7611,0.0,4775770.0,4775770.0
892,2022,792,X,0,0,7612,0.0,99681848.0,99681848.0
893,2022,792,X,0,0,7613,0.0,19635637.0,19635637.0
894,2022,792,X,0,0,7614,0.0,156018907.0,156018907.0
895,2022,792,X,0,0,7615,0.0,219960833.0,219960833.0
896,2022,792,X,0,0,7616,0.0,381623211.0,381623211.0
897,2022,792,X,0,0,7801,0.0,32019867.0,32019867.0
898,2022,792,X,0,0,7804,0.0,1183065.0,1183065.0
899,2022,792,X,0,0,7806,0.0,29248615.0,29248615.0
900,2022,792,X,0,0,7901,0.0,134290212.0,134290212.0
901,2022,792,X,0,0,7902,0.0,217035.0,217035.0
902,2022,792,X,0,0,7903,0.0,128887.0,128887.0
903,2022,792,X,0,0,7904,0.0,1659378.0,1659378.0
904,2022,792,X,0,0,7905,0.0,1962560.0,1962560.0
905,2022,792,X,0,0,7907,0.0,5414449.0,5414449.0
906,2022,792,X,0,0,8001,0.0,32585834.0,32585834.0
907,2022,792,X,0,0,8002,0.0,351467.0,351467.0
908,2022,792,X,0,0,8003,0.0,4728146.0,4728146.0
909,2022,792,X,0,0,8007,0.0,154778.0,154778.0
910,2022,792,X,0,0,8101,0.0,12907298.0,12907298.0
911,2022,792,X,0,0,8102,0.0,364339.0,364339.0
912,2022,792,X,0,0,8103,0.0,180513.0,180513.0
913,2022,792,X,0,0,8104,0.0,154940320.0,154940320.0
914,2022,792,X,0,0,8105,0.0,13559827.0,13559827.0
915,2022,792,X,0,0,8106,0.0,84517.0,84517.0
916,2022,792,X,0,0,8108,0.0,30594095.0,30594095.0
917,2022,792,X,0,0,8109,0.0,9967.0,9967.0
918,2022,792,X,0,0,8110,0.0,4863410.0,4863410.0
919,2022,792,X,0,0,8111,0.0,771821.0,771821.0
920,2022,792,X,0,0,8112,0.0,855294.0,855294.0
921,2022,792,X,0,0,8113,0.0,36892.0,36892.0
922,2022,792,X,0,0,8201,0.0,4501668.0,4501668.0
923,2022,792,X,0,0,8202,0.0,26610144.0,26610144.0
924,2022,792,X,0,0,8203,0.0,6319771.0,6319771.0
925,2022,792,X,0,0,8204,0.0,14193147.0,14193147.0
926,2022,792,X,0,0,8205,0.0,33624575.0,33624575.0
927,2022,792,X,0,0,8206,0.0,5622752.0,5622752.0
928,2022,792,X,0,0,8207,0.0,145408904.0,145408904.0
929,2022,792,X,0,0,8208,0.0,20317471.0,20317471.0
930,2022,792,X,0,0,8209,0.0,29410421.0,29410421.0
931,2022,792,X,0,0,8210,0.0,5027468.0,5027468.0
932,2022,792,X,0,0,8211,0.0,8787791.0,8787791.0
933,2022,792,X,0,0,8212,0.0,55361962.0,55361962.0
934,2022,792,X,0,0,8213,0.0,1791277.0,1791277.0
935,2022,792,X,0,0,8214,0.0,2469382.0,2469382.0
936,2022,792,X,0,0,8215,0.0,16912630.0,16912630.0
937,2022,792,X,0,0,8301,0.0,149849600.0,149849600.0
938,2022,792,X,0,0,8302,0.0,728125041.0,728125041.0
939,2022,792,X,0,0,8303,0.0,4340804.0,4340804.0
940,2022,792,X,0,0,8304,0.0,316612.0,316612.0
941,2022,792,X,0,0,8305,0.0,5043035.0,5043035.0
942,2022,792,X,0,0,8306,0.0,29869861.0,29869861.0
943,2022,792,X,0,0,8307,0.0,136492521.0,136492521.0
944,2022,792,X,0,0,8308,0.0,80722225.0,80722225.0
945,2022,792,X,0,0,8309,0.0,149754409.0,149754409.0
946,2022,792,X,0,0,8310,0.0,10365232.0,10365232.0
947,2022,792,X,0,0,8311,0.0,70743243.0,70743243.0
948,2022,792,X,0,0,8401,0.0,475500.0,475500.0
949,2022,792,X,0,0,8402,0.0,40549292.0,40549292.0
950,2022,792,X,0,0,8403,0.0,588584128.0,588584128.0
951,2022,792,X,0,0,8404,0.0,17807047.0,17807047.0
952,2022,792,X,0,0,8405,0.0,24305005.0,24305005.0
953,2022,792,X,0,0,8406,0.0,11585624.0,11585624.0
954,2022,792,X,0,0,8407,0.0,217175733.0,217175733.0
955,2022,792,X,0,0,8408,0.0,53090469.0,53090469.0
956,2022,792,X,0,0,8409,0.0,1760992122.0,1760992122.0
957,2022,792,X,0,0,8410,0.0,11530492.0,11530492.0
958,2022,792,X,0,0,8411,0.0,731318796.0,731318796.0
959,2022,792,X,0,0,8412,0.0,420032582.0,420032582.0
960,2022,792,X,0,0,8413,0.0,965931324.0,965931324.0
961,2022,792,X,0,0,8414,0.0,679733945.0,679733945.0
962,2022,792,X,0,0,8415,0.0,859028511.0,859028511.0
963,2022,792,X,0,0,8416,0.0,28763296.0,28763296.0
964,2022,792,X,0,0,8417,0.0,81672296.0,81672296.0
965,2022,792,X,0,0,8418,0.0,2615168834.0,2615168834.0
966,2022,792,X,0,0,8419,0.0,421279968.0,421279968.0
967,2022,792,X,0,0,8420,0.0,6399139.0,6399139.0
968,2022,792,X,0,0,8421,0.0,890464020.0,890464020.0
969,2022,792,X,0,0,8422,0.0,1187904835.0,1187904835.0
970,2022,792,X,0,0,8423,0.0,21283050.0,21283050.0
971,2022,792,X,0,0,8424,0.0,336698086.0,336698086.0
972,2022,792,X,0,0,8425,0.0,58391021.0,58391021.0
973,2022,792,X,0,0,8426,0.0,96262214.0,96262214.0
974,2022,792,X,0,0,8427,0.0,34073627.0,34073627.0
975,2022,792,X,0,0,8428,0.0,438797228.0,438797228.0
976,2022,792,X,0,0,8429,0.0,455822487.0,455822487.0
977,2022,792,X,0,0,8430,0.0,109318520.0,109318520.0
978,2022,792,X,0,0,8431,0.0,757771912.0,757771912.0
979,2022,792,X,0,0,8432,0.0,251902923.0,251902923.0
980,2022,792,X,0,0,8433,0.0,141634976.0,141634976.0
981,2022,792,X,0,0,8434,0.0,49771196.0,49771196.0
982,2022,792,X,0,0,8435,0.0,2956949.0,2956949.0
983,2022,792,X,0,0,8436,0.0,121429782.0,121429782.0
984,2022,792,X,0,0,8437,0.0,297735226.0,297735226.0
985,2022,792,X,0,0,8438,0.0,251216803.0,251216803.0
986,2022,792,X,0,0,8439,0.0,3031311.0,3031311.0
987,2022,792,X,0,0,8440,0.0,3524601.0,3524601.0
988,2022,792,X,0,0,8441,0.0,55700624.0,55700624.0
989,2022,792,X,0,0,8442,0.0,18230131.0,18230131.0
990,2022,792,X,0,0,8443,0.0,130375816.0,130375816.0
991,2022,792,X,0,0,8444,0.0,2371192.0,2371192.0
992,2022,792,X,0,0,8445,0.0,44164896.0,44164896.0
993,2022,792,X,0,0,8446,0.0,32605546.0,32605546.0
994,2022,792,X,0,0,8447,0.0,21696010.0,21696010.0
995,2022,792,X,0,0,8448,0.0,65807087.0,65807087.0
996,2022,792,X,0,0,8449,0.0,4357128.0,4357128.0
997,2022,792,X,0,0,8450,0.0,1002368343.0,1002368343.0
998,2022,792,X,0,0,8451,0.0,740129910.0,740129910.0
999,2022,792,X,0,0,8452,0.0,52435860.0,52435860.0
1000,2022,792,X,0,0,8453,0.0,8113138.0,8113138.0
1001,2022,792,X,0,0,8454,0.0,30658151.0,30658151.0
1002,2022,792,X,0,0,8455,0.0,109099909.0,109099909.0
1003,2022,792,X,0,0,8456,0.0,130446198.0,130446198.0
1004,2022,792,X,0,0,8457,0.0,34567893.0,34567893.0
1005,2022,792,X,0,0,8458,0.0,50088420.0,50088420.0
1006,2022,792,X,0,0,8459,0.0,16972600.0,16972600.0
1007,2022,792,X,0,0,8460,0.0,29641878.0,29641878.0
1008,2022,792,X,0,0,8461,0.0,48572345.0,48572345.0
1009,2022,792,X,0,0,8462,0.0,470693277.0,470693277.0
1010,2022,792,X,0,0,8463,0.0,44111499.0,44111499.0
1011,2022,792,X,0,0,8464,0.0,28088741.0,28088741.0
1012,2022,792,X,0,0,8465,0.0,155638308.0,155638308.0
1013,2022,792,X,0,0,8466,0.0,114487365.0,114487365.0
1014,2022,792,X,0,0,8467,0.0,30840240.0,30840240.0
1015,2022,792,X,0,0,8468,0.0,7720147.0,7720147.0
1016,2022,792,X,0,0,8470,0.0,6379996.0,6379996.0
1017,2022,792,X,0,0,8471,0.0,159786967.0,159786967.0
1018,2022,792,X,0,0,8472,0.0,4208387.0,4208387.0
1019,2022,792,X,0,0,8473,0.0,56088183.0,56088183.0
1020,2022,792,X,0,0,8474,0.0,665355183.0,665355183.0
1021,2022,792,X,0,0,8475,0.0,19013884.0,19013884.0
1022,2022,792,X,0,0,8476,0.0,3928713.0,3928713.0
1023,2022,792,X,0,0,8477,0.0,307011926.0,307011926.0
1024,2022,792,X,0,0,8478,0.0,4801988.0,4801988.0
1025,2022,792,X,0,0,8479,0.0,674948845.0,674948845.0
1026,2022,792,X,0,0,8480,0.0,275373331.0,275373331.0
1027,2022,792,X,0,0,8481,0.0,845796034.0,845796034.0
1028,2022,792,X,0,0,8482,0.0,169787752.0,169787752.0
1029,2022,792,X,0,0,8483,0.0,769393749.0,769393749.0
1030,2022,792,X,0,0,8484,0.0,65632428.0,65632428.0
1031,2022,792,X,0,0,8485,0.0,7921317.0,7921317.0
1032,2022,792,X,0,0,8486,0.0,1233088.0,1233088.0
1033,2022,792,X,0,0,8487,0.0,113623440.0,113623440.0
1034,2022,792,X,0,0,8501,0.0,328609437.0,328609437.0
1035,2022,792,X,0,0,8502,0.0,690186741.0,690186741.0
1036,2022,792,X,0,0,8503,0.0,617771296.0,617771296.0
1037,2022,792,X,0,0,8504,0.0,1518812523.0,1518812523.0
1038,2022,792,X,0,0,8505,0.0,42038116.0,42038116.0
1039,2022,792,X,0,0,8506,0.0,4929881.0,4929881.0
1040,2022,792,X,0,0,8507,0.0,571427090.0,571427090.0
1041,2022,792,X,0,0,8508,0.0,107999596.0,107999596.0
1042,2022,792,X,0,0,8509,0.0,61692002.0,61692002.0
1043,2022,792,X,0,0,8510,0.0,6681354.0,6681354.0
1044,2022,792,X,0,0,8511,0.0,273270972.0,273270972.0
1045,2022,792,X,0,0,8512,0.0,285881247.0,285881247.0
1046,2022,792,X,0,0,8513,0.0,3913626.0,3913626.0
1047,2022,792,X,0,0,8514,0.0,73492636.0,73492636.0
1048,2022,792,X,0,0,8515,0.0,67630213.0,67630213.0
1049,2022,792,X,0,0,8516,0.0,1482880677.0,1482880677.0
1050,2022,792,X,0,0,8517,0.0,305588019.0,305588019.0
1051,2022,792,X,0,0,8518,0.0,18274137.0,18274137.0
1052,2022,792,X,0,0,8519,0.0,1108568.0,1108568.0
1053,2022,792,X,0,0,8521,0.0,2101998.0,2101998.0
1054,2022,792,X,0,0,8522,0.0,172361.0,172361.0
1055,2022,792,X,0,0,8523,0.0,36597151.0,36597151.0
1056,2022,792,X,0,0,8524,0.0,1186573.0,1186573.0
1057,2022,792,X,0,0,8525,0.0,53096069.0,53096069.0
1058,2022,792,X,0,0,8526,0.0,57409618.0,57409618.0
1059,2022,792,X,0,0,8527,0.0,2212433.0,2212433.0
1060,2022,792,X,0,0,8528,0.0,982403714.0,982403714.0
1061,2022,792,X,0,0,8529,0.0,47103274.0,47103274.0
1062,2022,792,X,0,0,8530,0.0,11170185.0,11170185.0
1063,2022,792,X,0,0,8531,0.0,41130348.0,41130348.0
1064,2022,792,X,0,0,8532,0.0,6545197.0,6545197.0
1065,2022,792,X,0,0,8533,0.0,9200202.0,9200202.0
1066,2022,792,X,0,0,8534,0.0,11386943.0,11386943.0
1067,2022,792,X,0,0,8535,0.0,104225900.0,104225900.0
1068,2022,792,X,0,0,8536,0.0,786334762.0,786334762.0
1069,2022,792,X,0,0,8537,0.0,686982749.0,686982749.0
1070,2022,792,X,0,0,8538,0.0,212070658.0,212070658.0
1071,2022,792,X,0,0,8539,0.0,35996913.0,35996913.0
1072,2022,792,X,0,0,8540,0.0,959457.0,959457.0
1073,2022,792,X,0,0,8541,0.0,266375384.0,266375384.0
1074,2022,792,X,0,0,8542,0.0,41381965.0,41381965.0
1075,2022,792,X,0,0,8543,0.0,97581752.0,97581752.0
1076,2022,792,X,0,0,8544,0.0,3648039185.0,3648039185.0
1077,2022,792,X,0,0,8545,0.0,28258925.0,28258925.0
1078,2022,792,X,0,0,8546,0.0,16046643.0,16046643.0
1079,2022,792,X,0,0,8547,0.0,35485044.0,35485044.0
1080,2022,792,X,0,0,8548,0.0,19567324.0,19567324.0
1081,2022,792,X,0,0,8549,0.0,2755093.0,2755093.0
1082,2022,792,X,0,0,8601,0.0,22700.0,22700.0
1083,2022,792,X,0,0,8603,0.0,47318993.0,47318993.0
1084,2022,792,X,0,0,8604,0.0,7340929.0,7340929.0
1085,2022,792,X,0,0,8605,0.0,15934060.0,15934060.0
1086,2022,792,X,0,0,8606,0.0,51491194.0,51491194.0
1087,2022,792,X,0,0,8607,0.0,114227878.0,114227878.0
1088,2022,792,X,0,0,8608,0.0,17720766.0,17720766.0
1089,2022,792,X,0,0,8609,0.0,29943028.0,29943028.0
1090,2022,792,X,0,0,8701,0.0,1882467618.0,1882467618.0
1091,2022,792,X,0,0,8702,0.0,1485615562.0,1485615562.0
1092,2022,792,X,0,0,8703,0.0,9350958957.0,9350958957.0
1093,2022,792,X,0,0,8704,0.0,5544327586.0,5544327586.0
1094,2022,792,X,0,0,8705,0.0,205002848.0,205002848.0
1095,2022,792,X,0,0,8706,0.0,826363.0,826363.0
1096,2022,792,X,0,0,8707,0.0,101880713.0,101880713.0
1097,2022,792,X,0,0,8708,0.0,6542891456.0,6542891456.0
1098,2022,792,X,0,0,8709,0.0,3415245.0,3415245.0
1099,2022,792,X,0,0,8711,0.0,75667033.0,75667033.0
1100,2022,792,X,0,0,8712,0.0,88416946.0,88416946.0
1101,2022,792,X,0,0,8713,0.0,3646669.0,3646669.0
1102,2022,792,X,0,0,8714,0.0,21236107.0,21236107.0
1103,2022,792,X,0,0,8715,0.0,1832998.0,1832998.0
1104,2022,792,X,0,0,8716,0.0,957237166.0,957237166.0
1105,2022,792,X,0,0,8801,0.0,531525.0,531525.0
1106,2022,792,X,0,0,8802,0.0,356353533.0,356353533.0
1107,2022,792,X,0,0,8804,0.0,900395.0,900395.0
1108,2022,792,X,0,0,8805,0.0,12085771.0,12085771.0
1109,2022,792,X,0,0,8806,0.0,1005320128.0,1005320128.0
1110,2022,792,X,0,0,8807,0.0,612905089.0,612905089.0
1111,2022,792,X,0,0,8901,0.0,568481888.0,568481888.0
1112,2022,792,X,0,0,8902,0.0,269374952.0,269374952.0
1113,2022,792,X,0,0,8903,0.0,429056727.0,429056727.0
1114,2022,792,X,0,0,8904,0.0,306833040.0,306833040.0
1115,2022,792,X,0,0,8905,0.0,20607092.0,20607092.0
1116,2022,792,X,0,0,8906,0.0,47714263.0,47714263.0
1117,2022,792,X,0,0,8907,0.0,19160288.0,19160288.0
1118,2022,792,X,0,0,9001,0.0,19828833.0,19828833.0
1119,2022,792,X,0,0,9002,0.0,2695075.0,2695075.0
1120,2022,792,X,0,0,9003,0.0,9432321.0,9432321.0
1121,2022,792,X,0,0,9004,0.0,19161454.0,19161454.0
1122,2022,792,X,0,0,9005,0.0,4655559.0,4655559.0
1123,2022,792,X,0,0,9006,0.0,2385542.0,2385542.0
1124,2022,792,X,0,0,9007,0.0,2432711.0,2432711.0
1125,2022,792,X,0,0,9008,0.0,39293.0,39293.0
1126,2022,792,X,0,0,9010,0.0,729524.0,729524.0
1127,2022,792,X,0,0,9011,0.0,5354870.0,5354870.0
1128,2022,792,X,0,0,9012,0.0,1259853.0,1259853.0
1129,2022,792,X,0,0,9013,0.0,63944162.0,63944162.0
1130,2022,792,X,0,0,9014,0.0,79636970.0,79636970.0
1131,2022,792,X,0,0,9015,0.0,36017602.0,36017602.0
1132,2022,792,X,0,0,9016,0.0,1525135.0,1525135.0
1133,2022,792,X,0,0,9017,0.0,4947291.0,4947291.0
1134,2022,792,X,0,0,9018,0.0,517054573.0,517054573.0
1135,2022,792,X,0,0,9019,0.0,42031548.0,42031548.0
1136,2022,792,X,0,0,9020,0.0,18104097.0,18104097.0
1137,2022,792,X,0,0,9021,0.0,153894176.0,153894176.0
1138,2022,792,X,0,0,9022,0.0,38013949.0,38013949.0
1139,2022,792,X,0,0,9023,0.0,6170699.0,6170699.0
1140,2022,792,X,0,0,9024,0.0,18018435.0,18018435.0
1141,2022,792,X,0,0,9025,0.0,21234435.0,21234435.0
1142,2022,792,X,0,0,9026,0.0,72811307.0,72811307.0
1143,2022,792,X,0,0,9027,0.0,56572384.0,56572384.0
1144,2022,792,X,0,0,9028,0.0,98029762.0,98029762.0
1145,2022,792,X,0,0,9029,0.0,11671328.0,11671328.0
1146,2022,792,X,0,0,9030,0.0,21330907.0,21330907.0
1147,2022,792,X,0,0,9031,0.0,96074969.0,96074969.0
1148,2022,792,X,0,0,9032,0.0,163359966.0,163359966.0
1149,2022,792,X,0,0,9033,0.0,12337808.0,12337808.0
1150,2022,792,X,0,0,9101,0.0,9322134.0,9322134.0
1151,2022,792,X,0,0,9102,0.0,19256532.0,19256532.0
1152,2022,792,X,0,0,9103,0.0,750272.0,750272.0
1153,2022,792,X,0,0,9104,0.0,487707.0,487707.0
1154,2022,792,X,0,0,9105,0.0,4257447.0,4257447.0
1155,2022,792,X,0,0,9106,0.0,711644.0,711644.0
1156,2022,792,X,0,0,9107,0.0,4552214.0,4552214.0
1157,2022,792,X,0,0,9108,0.0,141165.0,141165.0
1158,2022,792,X,0,0,9109,0.0,97364.0,97364.0
1159,2022,792,X,0,0,9110,0.0,11859.0,11859.0
1160,2022,792,X,0,0,9111,0.0,7072.0,7072.0
1161,2022,792,X,0,0,9112,0.0,136342.0,136342.0
1162,2022,792,X,0,0,9113,0.0,1295781.0,1295781.0
1163,2022,792,X,0,0,9114,0.0,155120.0,155120.0
1164,2022,792,X,0,0,9201,0.0,93771.0,93771.0
1165,2022,792,X,0,0,9202,0.0,1337032.0,1337032.0
1166,2022,792,X,0,0,9205,0.0,228078.0,228078.0
1167,2022,792,X,0,0,9206,0.0,12512151.0,12512151.0
1168,2022,792,X,0,0,9207,0.0,1137835.0,1137835.0
1169,2022,792,X,0,0,9208,0.0,93221.0,93221.0
1170,2022,792,X,0,0,9209,0.0,1097243.0,1097243.0
1171,2022,792,X,0,0,9302,0.0,128712518.0,128712518.0
1172,2022,792,X,0,0,9303,0.0,304951036.0,304951036.0
1173,2022,792,X,0,0,9304,0.0,30266008.0,30266008.0
1174,2022,792,X,0,0,9305,0.0,52753398.0,52753398.0
1175,2022,792,X,0,0,9306,0.0,158266883.0,158266883.0
1176,2022,792,X,0,0,9307,0.0,379034.0,379034.0
1177,2022,792,X,0,0,9401,0.0,1623956120.0,1623956120.0
1178,2022,792,X,0,0,9402,0.0,115680454.0,115680454.0
1179,2022,792,X,0,0,9403,0.0,2472474136.0,2472474136.0
1180,2022,792,X,0,0,9404,0.0,420107431.0,420107431.0
1181,2022,792,X,0,0,9405,0.0,332884132.0,332884132.0
1182,2022,792,X,0,0,9406,0.0,295624646.0,295624646.0
1183,2022,792,X,0,0,9503,0.0,108683098.0,108683098.0
1184,2022,792,X,0,0,9504,0.0,14575628.0,14575628.0
1185,2022,792,X,0,0,9505,0.0,5822598.0,5822598.0
1186,2022,792,X,0,0,9506,0.0,69819862.0,69819862.0
1187,2022,792,X,0,0,9507,0.0,1019808.0,1019808.0
1188,2022,792,X,0,0,9508,0.0,40863354.0,40863354.0
1189,2022,792,X,0,0,9601,0.0,46099.0,46099.0
1190,2022,792,X,0,0,9602,0.0,1364508.0,1364508.0
1191,2022,792,X,0,0,9603,0.0,84493264.0,84493264.0
1192,2022,792,X,0,0,9604,0.0,302031.0,302031.0
1193,2022,792,X,0,0,9605,0.0,18873295.0,18873295.0
1194,2022,792,X,0,0,9606,0.0,44700314.0,44700314.0
1195,2022,792,X,0,0,9607,0.0,50755563.0,50755563.0
1196,2022,792,X,0,0,9608,0.0,13825996.0,13825996.0
1197,2022,792,X,0,0,9609,0.0,4965175.0,4965175.0
1198,2022,792,X,0,0,9610,0.0,5971609.0,5971609.0
1199,2022,792,X,0,0,9611,0.0,2298318.0,2298318.0
1200,2022,792,X,0,0,9612,0.0,3518489.0,3518489.0
1201,2022,792,X,0,0,9613,0.0,8060859.0,8060859.0
1202,2022,792,X,0,0,9614,0.0,9632093.0,9632093.0
1203,2022,792,X,0,0,9615,0.0,3766683.0,3766683.0
1204,2022,792,X,0,0,9616,0.0,2667329.0,2667329.0
1205,2022,792,X,0,0,9617,0.0,6060229.0,6060229.0
1206,2022,792,X,0,0,9618,0.0,10163579.0,10163579.0
1207,2022,792,X,0,0,9619,0.0,876081257.0,876081257.0
1208,2022,792,X,0,0,9620,0.0,557684.0,557684.0
1209,2022,792,X,0,0,9701,0.0,14682450.0,14682450.0
1210,2022,792,X,0,0,9702,0.0,12783.0,12783.0
1211,2022,792,X,0,0,9703,0.0,1584770.0,1584770.0
1212,2022,792,X,0,0,9704,0.0,18245.0,18245.0
1213,2022,792,X,0,0,9705,0.0,367659.0,367659.0
1214,2022,792,X,0,0,9706,0.0,120.0,120.0
1215,2022,792,X,0,0,9999,0.0,4079798395.0,4079798395.0
